ID,Date,Title,ISBN,Classification
1094082831,1998-12-17,An essay of health and long life,405118022,72
1092406842,1997-03-03,Abrégé de sociologie et économie médicales,2225360583,72
1094670852,2001-05-15,La santé : perspectives médicales et économiques,2882170051,72
1093131957,1997-03-03,Handbook of medical sociology,0133803058; 9780133803051,72
1097426138,2016-07-12,Oxford textbook of public health,0192617079; 9780192617071,72
1094670590,2001-05-04,Social determinants of health,0192630695; 9780192630698,72
1097426618,2017-02-09,"Accident prone : a history of technology, psychology, and misfits of the machine age",0226081176; 9780226081175,72
1097425790,2010-07-07,"Life under pressure : mortality and living standards in Europe and Asia, 1700-1900",0262025515; 9780262025515; 9780262512435; 0262512432,72
1096898884,2015-07-23,Treating addictive behaviors : processes of change,0306422484; 9780306422485,72
1094670403,2001-07-05,"Food in society : economy, culture, geography",0340720034; 9780340720035; 0340720042; 9780340720042,72
1096622418,2012-07-11,The picture of health : environmental sources of disease,0393064344; 9780393064346,72
1097426151,2016-07-12,Success and crisis in national health systems : a comparative approach,0415012899; 9780415012898,72
1094723389,2005-05-10,The management of normality : critical essays in health and welfare,0415032008; 9780415032001,72
1094685400,2003-01-14,Studying the organisation and delivery of health services : research methods,041525762X; 9780415257626; 0415257638; 9780415257633,72
1097426642,2017-02-06,Routledge handbook of disability studies,0415574005; 9780415574006; 0203144112; 9780203144114,72
1096895893,2014-04-10,Just health care,0521236088; 9780521236089; 0521317940; 9780521317948,72
1096896717,2014-04-09,Human biology and social inequality,0521570433; 9780521570435,72
1094669741,2000-12-15,A world of babies : imagined childcare guides for seven societies,0521662648; 9780521662642; 0521664756; 9780521664752,72
1096895892,2014-04-09,The health of nations : society and law beyond the state,0521816556; 9780521816557; 0521016800; 9780521016803,72
1094707120,2004-04-26,"Dicing with death : chance, risk and health",0521832594; 9780521832595; 0521540232; 9780521540230,72
1096896415,2014-04-09,Trade and human health and safety,0521855284; 9780521855280,72
1097426149,2016-07-12,"Health, society and medicine : an introduction to community medicine",0632009659; 9780632009657,72
1097426645,2013-12-18,The modern rise of population,0713158670; 9780713158670,72
1094725161,2004-12-23,"Health, disease and society in Europe 1800-1930 : a source book",0719067391; 9780719067396; 0719067383; 9780719067389,72
1093355908,1997-03-03,The enigma of health : the art of healing in a scientific age,0745613675; 9780745613673; 0745615945; 9780745615943,72
1094721670,2006-04-12,Unhealthy health policy : a critical anthropological examination,0759105103; 9780759105102; 0759105111; 9780759105119,72
1094685475,2003-01-28,"Smoking : risk, perception, & policy",0761923802; 9780761923800; 0761923810; 9780761923817,72
1097426183,2016-10-24,Betrayal of trust : the collapse of global public health,0786884401; 9780786884407; 9780965010443; 0965010449,72
1094721161,2006-06-22,Women's health care : activist traditions and institutional change,0801858259; 9780801858253; 0801858267; 9780801858260,72
1094709852,2003-07-23,Medicine moves to the mall,080187064X; 9780801870644,72
1094723460,2005-05-18,Emerging illnesses and society : negotiating the public health agenda,0801879426; 9780801879425,72
1094708091,2003-11-19,Understanding self-help mutual aid : experiential learning in the commons,0813526299; 9780813526294; 0813526302; 9780813526300,72
1094706807,2004-06-25,Women's health : complexities and differences,0814207049; 9780814207048; 0814207057; 9780814207055,72
1094670755,2001-03-01,"The visible woman : imaging technologies, gender, and science",0814715567; 9780814715567; 0814715680; 9780814715680,72
1094721119,2006-07-11,The social medicine reader,0822335689; 9780822335689; 082233593X; 9780822335931; 0822335697; 9780822335696,72
1094721120,2006-07-11,The social medicine reader,0822335689; 9780822335689; 082233593X; 9780822335931; 0822335697; 9780822335696,72
1094721121,2006-07-11,The social medicine reader,0822335689; 9780822335689; 082233593X; 9780822335931; 0822335697; 9780822335696,72
1094005979,1999-07-12,Collected essays on public health and epidemiology,0881350761; 9780881350760; 088135077X; 9780881350777,72
1094005980,1999-07-12,Collected essays on public health and epidemiology,0881350761; 9780881350760; 088135077X; 9780881350777,72
1094725177,2005-01-12,"Medicine, media and morality : Pulitzer Prize-Winning writings on health-related topics",0894646923; 9780894646928,72
1097426145,2016-07-12,Health care systems in world perspective,0914904132; 9780914904137,72
1097426320,2017-03-15,The hidden persuaders,097884310X; 9780978843106,72
1094720470,2006-08-09,Commercialization of health care : global and local dynamics and policy responses,1403943494; 9781403943491,72
1097426610,2017-02-08,A history of global health : interventions into the lives of other peoples,1421420333; 9781421420332,72
1096135824,2009-09-10,"Women, health, and medicine : transforming perspectives and practice",1558614389; 9781558614383,72
1097426146,2016-07-12,Life sciences and health challenges,1573311480; 9781573311489,72
1094706836,2004-06-29,The clinical experience : the construction and reconstruction of medical reality,1856285774; 9781856285773,72
1094721678,2006-04-19,Humanities and the health sciences : a collaborative project for faculty development and curricular revision : a Puerto Rican experience,1882528336; 9781882528332,72
1094725410,2005-02-01,"Humanities in medicine : beyond the millennium : a summary of the proceedings of the first Windsor Conference, Cumberland Lodge, Windsor Great Park, 12th & 13th March 1998",1902089243; 9781902089249,72
1093177547,1997-03-03,Le gouvernement du corps,2020196727; 9782020196727,72
1094083023,1999-02-05,Le miasme et la jonquille : l'odorat et l'imaginaire social : XVIIIe-XIXe siècles,2080811657; 9782080811653,72
1096158000,2010-08-02,Le miasme et la jonquille : l'odorat et l'imaginaire social : XVIIIe-XIXe siècles,2080811657; 9782080811653,72
1092304402,1997-03-03,La médecine préventive,2130361269; 9782130361268,72
1096114501,2008-01-16,"Sociologie de la santé : institutions, professions et maladies",2200262299; 9782200262297,72
1097425488,2016-04-04,La course à la performance : regards critiques de la philosophie sur la santé,2701020956; 9782701020952,72
1094082119,1998-07-02,Les sciences hors d'Occident au XXe siècle. 20th century sciences : beyond the metropolis.,2709912988; 9782709912983,72
1094706345,1997-03-03,De la santé des gens de lettres,2729106812; 9782729106812,72
1096899441,2013-05-06,Tabac : l'histoire d'une imposture : enquête sur le complot anti-fumeurs,2733904582; 9782733904589,72
1094670360,2001-07-18,Chroniques socio-anthropologiques au temps du sida : trois essais sur les (homo)sexualités masculines,2738498620; 9782738498625,72
1092370400,1997-03-03,Santé et politique sociale,2825600032; 9782825600030,72
1094724651,2005-03-21,Chère médecine,282890025X,72
1097426324,2017-02-24,Systèmes et politiques de santé : de la santé publique à l'anthropologie,2845861311; 9782845861312,72
1096896366,2014-02-13,"Panser le monde, penser les médecines : traditions médicales et développement sanitaire",2845866356; 9782845866355,72
1093267409,1997-04-26,Image de la santé,2864808919; 9782864808916,72
1094723495,2005-05-27,Santé et droits de l'homme,2880491614; 9782880491611; 9782880492267; 2880492262; 9782880492120; 2880492122,72
1096111319,2006-11-07,Santé et droits de l'homme,2880491614; 9782880491611; 9782880492267; 2880492262; 9782880492120; 2880492122,72
1094723492,2005-05-27,"Une nouvelle approche de la différence : comment repenser le handicap, sur la base des actes du congrès organisé par Pro Infirmis Vaud à l'EPFL, le 12 octobre 2000",2880491630; 9782880491635,72
1096898945,2015-06-24,Pour la santé publique,2881460232; 9782881460234,72
1096115842,2008-04-23,Médecine pour la médecine ou médecine pour la santé ?,288146081X; 9782881460814,72
1094081674,1998-03-24,"La cuisine du corps et de l'âme : approche ethnologique du végétarisme, du crudivorisme et de la macrobiotique en Suisse",2882790104; 9782882790101; 2735107558; 9782735107551,72
1094723697,2005-07-04,L'insaisissable pratique : travail éducatif auprès de personnes souffrant de handicap : étude pilote,288284042X; 9782882840424,72
1096115796,2008-06-05,L'assurance-santé : plaidoyer pour le modèle canadien,2890522105; 9782890522107,72
1093101194,1997-03-03,De la sobriété,2905614528; 9782905614520,72
1096156268,2010-06-17,"Santé, jeunesse ! : histoire de la médecine scolaire à Genève : 1884-2004",2940238162; 9782940238163,72
1093156205,1997-03-03,De la santé des gens de lettres : (1768),2950395511; 9782950395511,72
1096895854,2013-06-20,Le développement socio-émotionnel du jeune enfant,2951945825; 9782951945821,72
1094082118,1998-07-02,"Manager la santé dans l'entreprise : petit guide à l'usage des chefs d'entreprise, des cadres, des responsables des ressources humaines, des professionnels de la santé et du domaine psychosocial, et de tout collaborateur soucieux de ménager sa santé",2970016907; 9782970016908,72
1097426602,2013-12-18,Die Lebenszeit : vom aufgeschobenen Tod und von der Kunst des Lebens,3406332110; 9783406332111,72
1096896517,2013-12-13,Die Gesundheitsfalle : woran unsere Medizin krankt : zwölf Thesen zu ihrer Heilung,3430122414; 9783430122412,72
1093029450,1997-03-03,"Currents in alcohol research and the prevention of alcohol problems : proceedings of an international symposium held in Lausanne, Switzerland, November 7-9, 1983",345681397X; 9783456813974,72
1094724660,2005-03-22,Health in 1980-1990 : a predictive study based on an international inquiry,3805517785; 9783805517782,72
1096158498,2010-11-17,Behinderung = Handicap,3905315394; 9783905315394,72
1094687368,2002-03-27,Un tratado nazarí sobre alimentos : al-kalam alà l-agdiya de al-arbuli,8489606234; 9788489606234,72
1094670347,2001-07-23,Neoliberalismo y políticas de salud,849522402X; 9788495224026,72
1094685602,2003-02-25,Ricerche fisiche intorno alla salubrità dell'aria : con un articolo di Alessandro Volta sull'eudiometria,8809207610; 9788809207615,72
1094725236,2005-01-12,Globalization and health,9004141456; 9789004141452,72
1096133041,2009-06-16,"Health, medicine, society : proceedings of the International Conference on the Sociology of Medicine, Warsaw (Jabłonna), August 20-25, 1973",9027705526; 9789027705525,72
1096899840,2015-11-19,Cigarette wars : the triumph of the little white slaver,9780119511857; 0119511851; 9780195118513; 0195118510,72
1097426220,2016-10-03,Global perspectives on health care,9780136690948; 0136690947; 9780133150780; 013315078X,72
1097426170,2016-11-07,Seminars in community medicine,9780192611208; 0192611208; 9780192611215; 0192611216,72
1096899258,2015-08-25,Sense and stigma in the gospels : depictions of sensory-disabled characters,9780199590094; 0199590095,72
1096896555,2014-02-26,"Demons : our changing attitudes to alcohol, tobacco, & drugs",9780199604982; 0199604983,72
1096898561,2015-04-20,The perils of peace : the public health crisis in occupied Germany,9780199660797; 0199660794,72
1097427023,2017-07-06,What's wrong with fat ?,9780199857081; 0199857083,72
1096899247,2015-08-24,How reason almost lost its mind : the strange career of Cold War rationality,9780226046631; 022604663X,72
1096621055,2012-02-09,Voluntary action and illegal drugs : health and society in Britain since the 1960s,9780230521407; 0230521401,72
RERO-15986183,2014-08-19,Voluntary action and illegal drugs : health and society in Britain since the 1960s,9780230521407; 0230521401,72
1096114529,2008-01-15,Toxic exposures : contested illnesses and the environmental health movement,9780231129480; 0231129483,72
1097425941,2016-03-21,Disability histories,9780252038747; 0252038746; 9780252080319; 0252080319; 9780252096693; 025209669X,72
1097426247,2016-09-15,"The people's health, 1830 to 1910",9780297820475; 0297820478,72
1097426667,2017-02-06,"Nudge : improving decisions about health, wealth, and happiness",9780300122237; 0300122233,72
1096898510,2015-04-20,Healthcare in private and public from the early modern period to 2000,9780415727006; 0415727006; 9780415727037; 0415727030; 9781315739878; 1315739879,72
1097426203,2016-10-06,Reforming health care : the philosophy and practice of international health reform,9780471953258; 0471953253,72
1096133477,2009-01-08,Concerto for the left hand : disability and the defamiliar body,9780472070336; 0472070339; 9780472050338; 0472050338,72
1096899826,2015-11-19,The cigarette papers,9780520205727; 0520205723; 9780520213722; 0520213726,72
1096114533,2008-01-15,Disability in local and global worlds,9780520246164; 0520246160; 9780520246171; 0520246179,72
1096113338,2007-10-10,How everyday products make people sick : toxins at home and in the workplace,9780520248816; 0520248813; 9780520248823; 0520248821,72
1096899817,2015-11-19,Golden holocaust : origins of the cigarette catastrophe and the case for abolition,9780520270169; 0520270169,72
1096896534,2013-11-07,Life in crisis : the ethical journey of Doctors without Borders,9780520274846; 0520274849; 9780520274853; 0520274857,72
1096898500,2015-03-09,Toxic injustice : a transnational history of exposure and struggle,9780520278981; 0520278984; 9780520278998; 0520278992,72
1096896710,2014-04-10,The health consequences of modernization : evidence from circumpolar peoples,9780521474016; 0521474019,72
1096896720,2014-04-09,Communicating affection : interpersonal behavior and social context,9780521731744; 0521731747,72
1096896708,2014-04-09,Social security reform : financial and political issues in international perspective,9780521844956; 0521844959,72
1097426182,2016-10-24,"An introduction to health : policy, planning, and financing",9780582238664; 0582238668; 9780582238657; 058223865X,72
1097426665,2017-02-06,Free to be foolish : politics and health promotion in the United States and Great Britain,9780691078670; 069107867X,72
1096898519,2015-04-20,When people come first : critical studies in global health,9780691157382; 0691157383; 9780691157399; 0691157391,72
1097426263,2016-09-05,"The imagined slum : newspaper representation in three cities, 1870-1914",9780718521349; 071852134X; 0718513894; 9780718513894,72
1096156577,2010-03-18,The health of men and women,9780745634548; 0745634540; 9780745634531; 0745634532,72
1096897018,2014-08-18,Three shots at prevention : the HPV vaccine and the politics of medicine's simple solutions,9780801896712; 0801896711; 9780801896729; 080189672X,72
1096156704,2009-10-26,"Trauma and memory : reading, healing, and making law",9780804754057; 0804754055,72
1096896434,2014-02-20,A disability history of the United States,9780807022023; 0807022020,72
1096898503,2015-04-20,"Comrades in health : U.S. health internationalists, abroad and at home",9780813561202; 0813561205; 9780813561219; 0813561213; 9780813561226; 0813561221,72
1096899246,2015-08-24,Broadcasting birth control : mass media and family planning,9780813561516; 0813561515; 9780813561523; 0813561523,72
1096899991,2015-11-30,"Tainted earth : smelters, public health, and the environment",9780813562780; 0813562783; 9780813562797; 0813562791; 9780813562803; 0813562805,72
1096899697,2015-08-28,Making and unmaking public health in Africa : ethnographic and historical perspectives,9780821420577; 0821420577; 9780821420584; 0821420585,72
1096899431,2015-08-31,Global health in Africa : historical perspectives on disease control,9780821420676; 0821420674; 9780821420683; 0821420682; 9780821444719; 0821444719,72
1096899501,2015-03-05,"Addicted, pregnant, poor",9780822359968; 0822359960,72
1096899881,2016-01-18,"Toxic airs : body, place, planet in historical perspective",9780822962908; 082296290X,72
1097426217,2016-10-03,Manpower and primary health care : guidelines for improving/expanding health service coverage in developing countries,9780824806071; 0824806077,72
1096898506,2015-04-15,"Medicine and nation building in the Americas, 1890-1940",9780826520203; 0826520200; 9780826520210; 0826520219; 9780826520227; 0826520227,72
1096899442,2013-05-06,La guerre du tabac : l'expérience canadienne,9780889368132; 0889368139,72
1097426041,2016-11-09,Medicine & public health : the power of collaboration,9780924143052; 0924143053,72
1097426743,2017-05-10,"Target risk : dealing with the danger of death, disease and damage in everyday decisions",9780969912408; 0969912404,72
1096898129,2015-02-10,"Disability in the Ottoman Arab world, 1500–1800",9781107044791; 1107044790,72
1096899519,2015-09-29,Ensuring America's health : the public creation of the corporate health care system,9781107044883; 110704488X,72
1096896456,2013-12-19,For the betterment of the race : the rise and fall of the international movement for eugenics and racial hygiene,9781137286116; 1137286113,72
1096895921,2013-12-19,"Migration, health and ethnicity in the modern world",9781137303226; 1137303220,72
1097425375,2016-10-21,Santé : raviver les solidarités : [dossier],9781234567897; 123456789X,72
1096899452,2015-09-22,Disability and passing : blurring the lines of identity,9781439909799; 1439909792; 9781439909805; 1439909806,72
1096800059,2013-02-15,Understanding the sociology of health,9781446201879; 1446201872,72
1097425639,2016-04-19,"Infirmity in Antiquity and the Middle Ages : social and cultural approaches to health, weakness and care",9781472438348; 1472438345,72
1096898754,2015-04-15,"Sanitation, latrines and intestinal parasites in past populations",9781472449078; 147244907X; 9781472449085; 1472449088; 9781472449092; 1472449096,72
1096899663,2015-11-23,Future human evolution : eugenics in the twenty-first century,9781557791542; 1557791546,72
1096623596,2012-11-07,"Communities and health care : the Rochester, New York, Experiment",9781580463850; 1580463851,72
1097425518,2015-01-28,Powerless science? : science and politics in a toxic world,9781782382362; 1782382364,72
1096896412,2014-03-13,"Medicine, healing and performance",9781782971580; 1782971580,72
1096899818,2015-11-19,"Smoke signals : women, smoking and visual culture in Britain",9781845202668; 184520266X; 9781845202675; 1845202678,72
1096896511,2014-02-20,"Disabled children : contested caring, 1850-1979",9781848933613; 1848933614,72
1096897399,2014-11-12,Health and citizenship : political cultures of health in modern Europe,9781848934320; 1848934327,72
1096620829,2011-11-03,Effectiveness and efficiency : random reflections on health services,9781853153945; 185315394X,72
1097425457,2016-06-02,Nicotine without smoke : tobacco harm reduction : a report,9781860166006; 1860166008,72
1097426758,2017-06-08,Tempêtes microbiennes : essai sur la politique de sécurité sanitaire dans le monde transatlantique,9782070140800; 2070140806,72
1097425567,2016-04-26,La médecine sans médecin ? : le numérique au service du malade,9782070148844; 207014884X,72
1096158348,2011-03-10,Soin et subjectivité,9782130577225; 2130577229,72
1097425843,2016-06-02,Les batailles de l'hygiène : villes et environnement de Pasteur aux Trente Glorieuses,9782130617860; 2130617867,72
1096899513,2015-11-03,Le corps accidenté : bouleversements identitaires et reconstruction de soi,9782130729631; 2130729630,72
1097427035,2017-03-22,"La grande évasion : santé, richesse et origine des inégalités",9782130736868; 2130736866,72
1096898395,2015-04-14,L'empire des hygiénistes : vivre aux colonies,9782213662367; 2213662363,72
1096897871,2014-10-23,Géopolitique de la santé mondiale,9782213677767; 221367776X,72
1096896270,2013-11-07,La liberté au risque de la santé publique,9782251430294; 2251430296,72
1096158789,2011-02-24,La peur est au-dessus de nos moyens : pour en finir avec le principe de précaution,9782259209632; 2259209637,72
1096160014,2011-04-06,"Handicaps et sociétés dans l'histoire : l'estropié, l'aveugle et le paralytique de l'Antiquité aux temps modernes",9782296114432; 2296114431,72
1096160558,2011-06-30,L'accès aux médicaments des pays en développement : enjeu d'une rénovation des politiques de développement,9782296554603; 2296554601,72
1096897256,2014-09-02,Education et santé : des pratiques aux savoirs,9782343039572; 2343039577,72
1096898067,2015-01-23,Les crises de santé publique : entre incompétence et compromissions,9782343050188; 234305018X,72
1096896245,2013-12-19,"Ville, urbanisme & santé : les trois révolutions",9782350190822; 235019082X,72
1097425601,2016-04-07,Monstre et imaginaire social : approches historiques,9782354280086; 2354280084,72
1097425318,2015-06-25,"Alcools : seizième Colloque des Invalides, 16 novembre 2012",9782355480775; 235548077X,72
1096899882,2016-01-20,Quantified self : les apprentis sorciers du moi connecté,9782364051201; 2364051207,72
1097425091,2016-04-07,"Les métamorphoses du handicap de 1970 à nos jours : soi-même, avec les autres",9782706115141; 2706115149,72
1097426578,2017-03-14,Des toxiques invisibles : sociologie d'une affaire sanitaire oubliée,9782713223822; 2713223822,72
1096158534,2010-12-16,Le handicap au risque des cultures,9782749213101; 274921310X,72
1097425544,2016-01-20,Le handicap dans notre imaginaire culturel,9782749248615; 2749248612,72
1097425429,2016-05-10,"L'administration des faveurs : l'Etat, les sourds et les aveugles (1789-1885)",9782753508514; 2753508518,72
1096621829,2012-01-18,"Prescrire, proscrire : enjeux non médicaux dans le champ de la santé",9782753517578; 2753517576,72
1096899992,2015-12-16,La mondialisation des risques : une histoire politique et transnationale des risques sanitaires et environnementaux,9782753541771; 2753541779,72
1096897169,2014-08-25,"Corps, travail et statut social : l'apport de la paléoanthropologie funéraire aux sciences historiques",9782757407677; 2757407678,72
1096898009,2014-12-17,"La santé, bien public mondial ou bien marchand ? : Réflexions à partir des expériences africaines",9782757407806; 2757407805,72
1096898016,2014-12-17,"Psychologie de la santé : individu, famille et société",9782757407868; 2757407864,72
1096898001,2015-01-30,"Introduction à la sociologie du handicap : histoire, politiques et expérience",9782804182304; 2804182304,72
1096132257,2008-09-09,Handicap entre différence et ressemblance,9782828909482; 2828909484,72
1096159914,2011-04-20,"Abdeker, ou, l'art de conserver la beauté",9782841372386; 2841372383,72
1096159926,2011-04-20,Le livre sans titre : les conséquences fatales de la masturbation,9782841372621; 2841372626,72
1097425095,2015-12-16,"Services publics et religions : les nouvelles frontières de l'action publique en Europe : [Neuvièmes] Entretiens universitaires réguliers pour l'administration en Europe, [Limoges, 3 novembre 2005]",9782842874247; 2842874242,72
1096898748,2015-04-20,La médicalisation de l'échec scolaire,9782843032554; 2843032555,72
1096896285,2013-12-19,Corps et confort dans la ville moderne,9782862220666; 2862220663,72
1096896994,2014-10-08,Violences domestiques : prise en charge et prévention,9782889150526; 2889150526,72
1096158396,2011-02-25,Féminin invisible : la question du soin : dossier,9782919249015; 2919249010,72
1096159753,2011-06-16,Résister pour soigner : dossier,9782919249022; 2919249029,72
1096896513,2014-03-20,En faire trop : dossier,9782919249121; 2919249126,72
1096898699,2015-06-10,Ces maladies que l'on pourrait éviter : dossier,9782919249183; 2919249185,72
1097426797,2017-05-10,"La santé, une zone à défendre ? : [dossier] [dir. de la publ. Sylvie Cognard]",9782919249190; 2919249193,72
1097425371,2016-10-26,Les huis clos de la violence : [dossier],9782919249244; 291924924X,72
1096897184,2014-08-19,Lave-toi...! : une histoire de l'hygiène et de la santé publique en Europe,9782919878963; 2919878964,72
1096897337,2014-10-08,Le souffle du plein air : histoire d'un projet pédagogique et architectural novateur (1904-1952),9782940406173; 2940406170,72
1096896934,2014-06-12,Prendre soin : un médecin engagé dans le monde,9783037540770; 303754077X,72
1097426629,2017-02-01,Bittersüsse Genüsse : Kulturgeschichte der Genussmittel,9783205050131; 3205050134,72
1096895165,2013-03-27,2112 - Die Welt in 100 Jahren,9783487085197; 3487085194,72
1096898751,2015-04-27,"Geschichte der Prävention : Akteure, Praktiken, Instrumente",9783515109987; 3515109986,72
1097425559,2016-04-13,"Diskriminiert - vernichtet - vergessen : Behinderte in der Sowjetunion, unter nationalsozialistischer Besatzung und im Ostblock 1917-1991",9783515112666; 3515112669; 9783515112734; 3515112731,72
1096897040,2012-02-22,Normalität und Abweichung : Studien zur Theorie und Geschichte der Normalisierungsgesellschaft,9783531133935; 3531133934,72
1096623610,2012-06-06,Was ist krank? Was ist gesund? : zum Diskurs über Prävention und Gesundheitsförderung,9783593397863; 3593397862,72
1097425273,2010-07-07,Making a new countryside : health policies and practices in European history ca. 1860-1950,9783631596531; 3631596537,72
1096899248,2015-08-24,The imperfect historian : disability histories in Europe,9783631636596; 3631636598,72
1096897643,2014-10-21,"Swiss science, African decolonization and the rise of global health, 1940-2010",9783796533471; 3796533477,72
1096896020,2013-11-28,Disability history : Konstruktionen von Behinderung in der Geschichte : eine Einführung,9783837613612; 3837613615,72
1096623538,2012-12-17,Une médecine pour les personnes en bonne santé ? : analyses et recommandations concernant le human enhancement : rapport du groupe de travail Human Enhancement à l'attention des Académies suisses des sciences,9783905870305; 3905870304,72
1096897810,2014-11-04,Phänomene der Behinderung im Alltag : Bausteine zu einer Disability History der Vormoderne,9783939020288; 3939020281,72
1096896229,2013-07-22,Geography and health,9788183771030; 8183771033,72
1096896354,2013-08-08,"1898 : sanidad y ciencia en España y Latinoamérica durante el cambio de siglo : actas del Seminario Internacional Complutense, Madrid, 1999",9788489796065; 8489796068,72
1096897000,2014-08-04,Nacimientos bajo control : el parto en las edades moderna y contemporánea,9788497047685; 8497047680,72
1096896540,2013-11-06,"Fair society, healthy lives",9788822262516; 8822262514,72
1096895868,2014-02-12,Storia della disabilità : dal castigo degli dèi alla crisi del welfare,9788843065097; 8843065092,72
1096898290,2015-04-10,Promoting better integration of health information systems : best practices and challenges,9789289050777; 9289050772,72
1096896509,2013-07-04,"Vulnerability, social inequality, and health",9789727729982; 9727729983,72
1096898769,2015-04-20,"Historia, salud y globalización",9972511499; 9789972511493,72
1094721719,1997-03-03,Le petit manuel des mères : comment soigner nos enfants?,none,72
1094684647,2003-04-15,Précis d'hygiène,none,72
1094724650,2005-03-21,Demain la santé,none,72
1094724654,2005-03-21,Recherche en organisation sanitaire et techniques de management,none,72
1094721046,2006-06-21,Tant qu'on a la santé : les déterminants socio-économiques et culturels de la santé dans les relations sociales entre les femmes et les hommes,none,72
1094721149,2006-07-25,Hygiène,none,72
1094721316,2006-07-25,Hygiène,none,72
1094721323,2006-07-26,Précis d'hygiène publique et privée,none,72
1094720347,2006-07-26,L'économie humaine par la médecine sociale,none,72
1094720349,2006-07-26,Notions élémentaires d'hygiène pratique : suivies d'un appendice contenant tous les renseignements utiles à consulter par les familles : [...] médecine usuelle,none,72
1094720351,2006-07-26,Hygiène scolaire,none,72
1094720352,2006-07-26,L'hygiène sociale,none,72
1096115541,2008-03-28,Eléments d'hygiène et de santé publique sous les tropiques,none,72
1096115671,2008-06-03,The meaning of social medicine,none,72
1096115662,2008-06-05,La santé demain ? : une enquête internationale sur la santé de l'homme en 1980-1990,none,72
1096131477,2008-06-25,L'art de conserver sa santé : composé par l'Ecole de Salerne,none,72
1096133232,2008-11-26,Ma doctoresse : guide pratique d'hygiène et de médecine de la femme moderne,none,72
1096133233,2008-11-26,Ma doctoresse : guide pratique d'hygiène et de médecine de la femme moderne,none,72
1096134531,2009-11-04,Essais de médecine préventive,none,72
1096135826,2009-12-16,"The status of world health in outline text and chart : prepared for the Committee on Government Operations, United States Senate and its Subcommittee on Reorganization and International Organizations (pursuant to S. Res. 42, 86th Congress)",none,72
1096156747,2010-02-18,Précis d'hygiène,none,72
1096158569,2010-11-11,Développement et santé dans les pays pauvres : le rôle des organisations internationales et de la Suisse,none,72
1096899211,1997-03-03,La route de la vie : à la recherche d'un équilibre biologique,none,72
1096622615,2012-07-19,Ehe und Hygiene : ein Vortrag,none,72
1096622278,2012-08-20,Our towns : a close-up : a study made in 1939-42,none,72
1096623636,2012-10-25,Idées paramédicales et médicosociales,none,72
1093132230,1997-03-03,Les maladies de notre société,none,72
1096623566,2012-12-10,"Mon docteur : traité de médecine et d'hygiène, méthodes scientifiques et populaires : allopathie, homéopathie, physiothérapie, médecine pratique, toxicologie, plantes médicinales",none,72
1096623565,2012-12-10,"Mon docteur : traité de médecine et d'hygiène, méthodes scientifiques et populaires : allopathie, homéopathie, physiothérapie, médecine pratique, toxicologie, plantes médicinales",none,72
1096623564,2012-12-10,"Mon docteur : traité de médecine et d'hygiène, méthodes scientifiques et populaires : allopathie, homéopathie, physiothérapie, médecine pratique, toxicologie, plantes médicinales",none,72
1096624438,2013-02-27,Deuxième rapport de la Commission fédérale de l'hygiène de l'air à l'intention du Département fédéral de l'intérieur (1962-1967),none,72
1096624580,2013-02-28,Le reclassement social des handicapés physiques : la consultation médico-sociale de mariage : deux préoccupations actuelles,none,72
1096624608,2013-03-07,De l'assistance publique à la prévoyance sociale : fiches sociales,none,72
1096624609,2013-03-07,Ceux dont on n'aime pas parler ! : les problèmes posés par les adultes asociaux : forum public,none,72
1096895973,2013-07-19,"Etude des administrations gouvernementales s'occupant de problèmes sociaux et de leur coordination, en vue d'une politique sociale d'ensemble",none,72
1096896774,2014-08-26,World health and history,none,72
1096897485,2014-10-15,"Sammlung kantonaler Erlasse betreffend das Medizinalwesen, sowie die öffentliche Gesundheitspflege und Lebensmittelpolizei",none,72
1096899188,2015-08-26,Gezondheidsleer voor de tropen,none,72
1096899267,2015-09-09,"Accomplishment of health development programmes during the first five-year development plan, Pelita I, (1969/70-1973/74) accompanied with statistical data",none,72
1096157778,1997-03-03,Précis d'hygiène,none,72
1092208351,1997-03-03,Cours d'hygiène générale : à l'usage de l'enseignement secondaire,none,72
1093030543,1997-03-03,Regimen Sanitatis : oder Diätetik für die Seele und den Körper : mit Anhang der medizinischen Responsen und Ethik des Maimonides,none,72
1093149984,1997-03-03,Die menschliche Fortpflanzung : ihre Gesundung und ihre Veredelung,none,72
1092240466,1997-03-03,Nouveaux éléments d'hygiène,none,72
1094721720,1997-03-03,Hygiène à l'usage de la gardemalade,none,72
1093056666,1997-03-03,Abus d'alcool et alcoolisme : aide-mémoire à l'intention des médecins et des personnes participant par leur activité au traitement de l'alcoolisme,none,72
1093166674,1997-03-03,Guide de l'inspecteur des viandes,none,72
1092409912,1997-03-03,Nos ennemis les moustiques : petit guide pratique de lutte antimoustique,none,72
1093187237,1997-03-03,Aspect actuel du problème du taudis urbain,none,72
1092801695,1997-03-03,La médecine sociale,none,72
1092126767,1997-03-03,Quelques remarques sur l'infection de l'atmosphère des villes et les bruits excessifs : nécessités de la fondation d'une Ligue nationale suisse pour la protection de la santé des populations,none,72
1092502003,1997-03-03,"Le Casier sanitaire des habitations : leçon inaugurale du Dr Fr.-M. Messerli, chef du service d'hygiène de la ville et médecin délégué du district de Lausanne, comme Privat-Docent à l'Université de Lausanne",none,72
1094721721,1997-03-03,Hygiène : à l'usage des élèves de quatrième et de cinquième années de l'enseignement secondaire des jeunes filles,none,72
1093200546,1997-03-03,"L'hygiène sociale : principes, méthodes, organisation",none,72
1092341772,1997-03-03,"L'alcool, l'alcoolique, notre problème à tous",none,72
1096622232,1997-03-03,L'alcool aujourd'hui,none,72
1097426082,1997-03-03,Le coût de maladie et le prix de la santé,none,72
1093367636,1997-03-03,L'hygiène de l'habitat rural dans la restauration paysanne,none,72
1093367633,1997-03-03,Etude sur l'hygiène scolaire rurale,none,72
1094073480,1997-09-05,"Eléments de médecine préventive, santé publique et hygiène",none,72
1094073658,1997-11-18,"Man, medicine and environment",none,72
1094073357,1998-04-07,"Les directives de la médecine sociale : médecine de soins, médecine de prophylaxie",none,72
1094082938,1999-01-11,Chez nous,none,72
1094083372,1999-05-03,"Les coûts de la santé : des choix à faire, des valeurs à préserver : [Forum Louis-Jeantet sur les coûts de la santé 1998]",none,72
1094005889,1999-06-30,Aliments et boissons : tableaux en couleur et texte explicatif,none,72
1094005890,1999-06-30,Le Librium dans l'alcoolisme,none,72
1094005891,1999-06-30,L'alcool est-il un aliment?,none,72
1094005892,1999-06-30,"Médecine du travail et alcoolisme chronique : colloque : Paris, 15 mai 1954",none,72
1094005893,1999-06-30,Ist Trunksucht eine Krankheit ? : das Problem der Beitragspflicht der Krankenkassen für die Behandlung Trunksüchtiger im Blickfeld des Arztes ...,none,72
1094005894,1999-06-30,Révision de la Législation sur l'alcool : brochure destinée aux conférenciers et à la presse,none,72
1094005895,1999-06-30,Alcoolisme et maladies : constatations récentes faites dans un hôpital cantonal : extrait du travail du Dr. M. Roch l'alcoolisme et son rôle en pathologie interne,none,72
1094005897,1999-06-30,Études sur l'alcoolisme,none,72
1099015158,2000-12-28,Désharmonie de la vie moderne,none,72
1099015161,2000-12-28,Le training autogène : méthode de relaxation par auto-décontraction concentrative : essai pratique et clinique,none,72
1099015163,2000-12-28,Le jeûne,none,72
1094670640,2001-04-17,"La santé, à quel prix ? : pour une politique de la santé publique : sécurité sociale, une réforme sous conditions : L'utopie du corps parfait...",none,72
1094670420,2001-07-03,L'alcoolisme,none,72
1094670893,2001-07-24,Sexologie 1970-1973,none,72
1099019041,2001-07-26,Les boissons alcooliques en hygiène militaire,none,72
1094669713,2000-12-27,Environnement et santé.,none,72
1099015164,2000-12-28,A study of prolonged fasting,none,72
1094685557,2003-02-10,La santé des femmes : tout reste à faire,none,72
1094684641,2003-04-14,Mille questions d'hygiène,none,72
1094723418,2005-05-04,Recueil des résolutions et décisions de l'Assemblée mondiale de la santé et du Conseil exécutif,none,72
1094721750,2006-05-02,Gesundheit : la rançon du progrès,none,72
1094721151,2006-07-25,Cours d'hygiène : professé à l'Institut d'hygiène de la Faculté de médecine de Paris,none,72
1096132072,2008-11-06,Cours d'hygiène : professé à l'Institut d'hygiène de la Faculté de médecine de Paris,none,72
1094721150,2006-07-25,Hygiène hospitalière,none,72
1094720342,2006-07-26,Hygiène sociale,none,72
1094720343,2006-07-26,Hygiène sociale,none,72
1094720344,2006-07-26,Atmosphère et climats,none,72
1094720345,2006-07-26,Hygiène industrielle,none,72
1094720348,2006-07-26,La technique moderne de la propagande d'hygiène sociale,none,72
1094720356,2006-07-26,Arts et techniques de la santé,none,72
1094720357,2006-07-26,Arts et techniques de la santé,none,72
1094720359,2006-07-26,"Anthropologie, hygiène individuelle, éducation physique",none,72
1094720360,2006-07-26,Hygiène alimentaire,none,72
1096133172,2009-05-05,Santé publique : la foire d'empoigne!,none,72
1096158631,2010-10-21,L'action humanitaire face à la montée du fondamentalisme religieux : réflexion autour de l'ONG Médecins sans frontières en Afghanistan,none,72
1096159818,2011-05-26,"Dire le problème, faire figurer le corps : analyse énonciative d'une campagne de prévention de la surcharge pondérale et de sa réception journalistique ",none,72
1096623573,2012-12-06,"Les représentations conscientes et inconscientes de la vie du couple : l'aspect social et individuel : les mythes, fantasmes et théories à la recherche du sens ; [suivi de] Quelques constantes cliniques significatives de la problématique conjugale ; [suivi de] La question des objectifs, la nature et la portée de nos interventions : 3 exposés théoriques donnés par le Dr Robert Dreyfuss dans le cadre des colloques de formation continue des conseillers conjugaux de Suisse romande : Lausanne, les 18.02., 11.03. et 25.04.1993",none,72
1096896144,2013-07-18,L'accoutumance aux mutilations : accidents du travail : blessures de guerre,none,72
1096897467,2015-05-13,Médecine palliative : la médecine palliative... beaucoup plus qu'une philosophie,none,72
1093124887,1997-03-03,Traité d'hygiène,none,72
1093124888,1997-03-03,Traité d'hygiène,none,72
1093283252,1997-04-26,Medizin und Städtebau : ein Handbuch für gesundheitlichen Städtebau,none,72
1093283253,1997-04-26,Medizin und Städtebau : ein Handbuch für gesundheitlichen Städtebau,none,72
1093299206,1997-04-26,Organisation et hygiène sociales : essai d'hominiculture,none,72
1096157888,2010-08-26,Comment échapper à la maladie,none,72
1096157881,2010-08-26,The science of public welfare,none,72
1096157805,2010-09-08,You're the doctor,none,72
1096621111,2012-05-02,From witchcraft to world health,none,72
1096622421,2012-07-16,Preventive medicine,none,72
1096622415,2012-07-11,The National Health Service,none,72
1097426162,2016-07-12,"Public health : its promise for the future : a chronicle of the development of public health in the United States, 1607-1914",none,72
1096622276,2012-07-30,New discoveries in medicine : their effect on the public health,none,72
1096157929,2010-08-25,Elements of field hygiene and sanitation,none,72
1096622275,2012-08-07,Public housing : the politics of poverty,none,72
1097426133,2016-07-12,Negotiating health development,none,72
1097426129,2016-07-12,The Peckham experiment : a study in the living structure of society,none,72
1096622273,2012-08-02,Society and industry in the 19th century : a documentary approach,none,72
1097426260,2016-09-06,The new public health,none,72
1097426256,2016-09-06,Poverty and public health,none,72
1097426246,2016-09-15,"The march of medicine : selected addresses and articles on medical topics, 1913-1937",none,72
1097426221,2016-10-03,"Health objectives for the developing society : responsibility of individual, physician, and community",none,72
1097426169,2016-11-07,Health problems in organized society : studies in the social aspects of public health,none,72
1097426168,2016-11-07,Preventive medicine and hygiene,none,72
RNV38106,2016-11-07,An outline of the practice of preventive medicine,none,72
1097426042,2016-11-09,"Report of the Sanitary Commission of Massachusetts, 1850",none,72
1096622412,2012-07-11,"Transactions of the Fifteenth International Congress on Hygiene and Demography, Washington, September 23-28, 1912",none,72
1096160761,2011-08-18,Drogues de police,none,72
1096133847,2009-09-08,Mittheilungen aus dem Kaiserlichen Gesundheitsante,none,72
1096133846,2009-09-08,Mittheilungen aus dem Kaiserlichen Gesundheitsante,none,72
RERO-17264761,2015-12-15,Smoking and health : report of the advisory committee to the surgeon general of the Public Health Service,none,72
1092329527,1997-03-03,La sobriété : conseils pour vivre longtemps,none,72
1093232969,1997-03-03,Die Lehre von der Mortalität und Morbilität : anthropologisch-statistische Untersuchungen,none,72
1093334672,1997-03-03,Die Kunst das menschliche Leben in verlängern,none,72
1099019945,2001-09-03,Über den Alkohol und seine Wirkungen,none,72
1094687456,2002-05-15,"Le tabac et l'absinthe : leur influence sur la santé publique, sur l'ordre moral et social",none,72
1096158938,2003-03-10,Avis au peuple sur sa santé,none,72
1094723597,2005-06-02,Traité élémentaire d'hygiène privée et publique,none,72
1094721322,2006-07-26,"Grundriss der Hygiene : für studirende und praktische Ärzte, Medicinal- und Verwaltungsbeamte",none,72
1094720346,2006-07-26,Entretiens familiers sur l'hygiène,none,72
1092689271,1997-03-03,L'hygiène du goutteux,none,72
1092689267,1997-03-03,L'hygiène de l'obèse,none,72
1093108165,1997-03-03,Tableau des variétés de la vie humaine : avec les avantages et les désavantages de chaque constitution ...,none,72
1093108166,1997-03-03,Tableau des variétés de la vie humaine : avec les avantages et les désavantages de chaque constitution ...,none,72
VD2411677,2008-06-05,Hygiène domestique : ou l'art de conserver ls santé et de prolonger la vie,none,72
1096135887,2009-12-22,De la santé des gens de Lettres,none,72
1092572369,1997-03-03,"Traité de climatologie médicale, comprenant La météorologie médicale et l'étude des influences physiologiques sur la santé",none,72
1092572370,1997-03-03,"Traité de climatologie médicale, comprenant La météorologie médicale et l'étude des influences physiologiques sur la santé",none,72
1092572371,1997-03-03,"Traité de climatologie médicale, comprenant La météorologie médicale et l'étude des influences physiologiques sur la santé",none,72
1092572372,1997-03-03,"Traité de climatologie médicale, comprenant La météorologie médicale et l'étude des influences physiologiques sur la santé",none,72
1096133948,2009-08-19,"Traité de climatologie médicale, comprenant La météorologie médicale et l'étude des influences physiologiques sur la santé",none,72
1093122166,1997-03-03,La désinfection publique,none,72
1093122180,1997-03-03,La stérilisation alimentaire,none,72
1093122591,1997-03-03,Précis d'hygiène privée et sociale,none,72
1096620523,2011-10-04,L'hygiène scolaire,none,72
1096620522,2011-10-04,L'hygiène scolaire,none,72
1096620517,2011-10-04,Traité d'hygiène publique et privée,none,72
1096620491,2011-10-10,Handbuch der Hygieine,none,72
1096620490,2011-10-10,Handbuch der öffentlichen Gesundheits-Pflege und der Gewerbe-Krankheiten,none,72
1094722213,1997-03-03,L'alcool et le tabac,none,72
1093169783,1997-03-03,"Physiologie sociale : le tabac qui contient le plus violent des poisons, la nicotine, abrège-t-il l'existence ? : est-il cause de la dégénérescence physique et morale des sociétés modernes ?",none,72
1092564332,1997-03-03,Traité d'hygiène publique et privée,none,72
1092564333,1997-03-03,Traité d'hygiène publique et privée,none,72
1093192090,1997-03-03,"La médecine statique de Sanctorius ou l'art de se conserver la santé par la transpiration, traduite en français par Le Breton",none,72
1092251875,1997-03-03,"Salubrité des habitations et hygiène des villes : humidité, water-closets, drainage, plomberie, cuisines, planchers, dallages, chauffage, ventilation, services d'eau, égouts, voirie, édilité, assainissement des villes, etc.",none,72
1092829804,1997-03-03,"Principes d'hygiène, extraits du Code de santé et de longue vie de Sir John Sinclair, bart.",none,72
1093253789,1997-04-26,"Essai sur les aliments, pour servir de commentaire aux livres diététiques d'Hippocrate",none,72
1093253790,1997-04-26,"Essai sur les aliments, pour servir de commentaire aux livres diététiques d'Hippocrate",none,72
1096111114,1997-03-03,Etude expérimentale et clinique sur l'absinthisme et l'alcoolisme,none,72
1093323152,1997-03-03,Onan ou le tombeau du Mont-Cindre : fait historique présenté en 1809 à l'Académie des Jeux floraux de Toulouse,none,72
1093367168,1997-03-03,"Della preservazione della salute de' letterati, e della gente applicata e sedentaria : opera postuma",none,72
1099014458,2000-11-23,Traité d'hygiène publique et privée basée sur l'étiologie,none,72
1096620518,2011-10-04,"Lehrbuch der Hygiene : systematische Darstellung der Hygiene und ihrer Wichtigsten Untersuchungs-Methoden : zum Gebrauche für Studierende der Medizin, Physicats-Candidaten, Sanitäts-Beamte, Aerzte, Verwaltungs-Beamte",none,72
1092240469,1997-03-03,Nouveaux éléments d'hygiène,none,72
1094649693,2000-08-09,"Patients, physicians, and illness : a sourcebook in behavioral science and health",0029158508; 9780029158500,D72
1096160853,2011-06-29,The health of populations : general theories and particular realities,0195308077; 9780195308075,D72
1096131554,1997-03-03,The decline of mortality in Europe,0198283288; 9780198283287,D72
1094667683,2000-06-21,The limits of medicine : how science shapes our hope for the cure,0226302075; 9780226302072,D72
1094672522,2001-08-14,The limits of medicine : how science shapes our hope for the cure,0226302075; 9780226302072,D72
1094709925,2003-09-16,Learning to smoke : tobacco use in the West,0226359107; 9780226359106,D72
1094721968,2006-06-21,A history of the modern fact : problems of knowledge in the sciences of wealth and society,0226675254; 9780226675251; 0226675262; 9780226675268,D72
1094721116,2006-07-10,Cultural locations of disability,0226767310; 9780226767314; 0226767329; 9780226767321,D72
1096113637,2007-08-15,"Medicine at the border : disease, globalization and security, 1850 to the present",0230507069; 9780230507067,D72
1094722241,2005-12-13,"Japanese American midwives : culture, community, and health politics, 1880-1950",0252072472; 9780252072475,D72
1094707216,2004-05-03,Biomedical platforms : realigning the normal and the pathological in late-twentieth-century medicine,0262112760; 9780262112765,D72
1096620348,2011-09-14,Health and the rise of civilization,0300040067; 9780300040067,D72
1094723451,2005-05-04,The people's health,0313310904; 9780313310904; 0313320454; 9780313320453; 0313325952; 9780313325953,D72
1094723450,2005-05-04,The people's health,0313310904; 9780313310904; 0313320454; 9780313320453; 0313325952; 9780313325953,D72
1094670925,2001-08-07,"Alcohol, sex, and gender in late medieval and early modern Europe",0333922425; 9780333922422,D72
1094685533,2003-02-11,Caring for health : history and diversity,0335208401; 9780335208401,D72
1094006005,1999-07-19,Social perceptions of people with disabilities in history,0398068372; 9780398068370; 0398068380; 9780398068387,D72
1096111514,1997-03-03,Medicine and charity before the welfare state,0415057418; 9780415057417,D72
1096111043,1997-03-03,Women and children first : international maternal and infant welfare : 1870-1945,0415080908; 9780415080903,D72
1094705099,2004-11-04,"Migrants, minorities and health : historical and contemporary studies",0415112133; 9780415112130,D72
1094083368,1999-04-29,"The locus of care : families, communities, institutions, and the provision of welfare since antiquity",0415112168; 9780415112161,D72
1094667530,2000-08-24,"Health care and poor relief in protestant Europe, 1500 - 1700",0415121302; 9780415121309,D72
1096113398,2007-09-26,"Health, civilization and the state : a history of public health from ancient to modern times",0415122449; 9780415122443; 0415200369; 9780415200363,D72
1094686591,2002-07-16,Contagion : historical and cultural studies,0415246717; 9780415246712,D72
1094720508,2006-08-22,Social histories of disability and deformity,0415360986; 9780415360982; 0203008529; 9780203008522,D72
VD2290848,2007-07-26,Social histories of disability and deformity,0415360986; 9780415360982; 0203008529; 9780203008522,D72
1094683912,2003-10-08,Bodies that matter : on the discursive limits of sex,0415903661; 9780415903660; 0415903653; 9780415903653,D72
1096115752,2008-05-19,"The cigarette century : the rise, fall, and deadly persistence of the product that defined America",0465070477; 9780465070473,D72
1096895717,1997-03-03,Drinking : behaviour and belief in modern history,0520056531; 9780520056534,D72
1094709921,2003-09-16,The trouble with nature : sex in science and popular culture,0520202872; 9780520202870; 0520236203; 9780520236202,D72
1092553821,1997-03-03,"Biology, Medicine and Society : 1840-1940",052123770X; 9780521237703,D72
1094647666,2000-03-13,Medicine and society in early modern Europe,0521412544; 9780521412544; 0521423546; 9780521423540,D72
1094647672,2000-03-10,Contagion and the state in Europe : 1830-1930,0521642884; 9780521642880,D72
1094687386,2002-03-27,"Human frontiers, environments and disease : past patterns, uncertain futures",052180311X; 9780521803113; 0521004942; 9780521004947,D72
1096895404,2013-04-25,Imperial medicine and indigenous societies,0719024951; 9780719024955,D72
1096111001,2007-03-21,"Governing the health care state : a comparative study of the United Kingdom, the United States and Germany",0719042976; 9780719042973,D72
1094083093,1999-02-16,Western medicine as contested knowledge,0719046734; 9780719046735,D72
1094725207,2005-01-13,"Medicine transformed : health, disease and society in Europe 1800-1930",0719067359; 9780719067358,D72
1094705229,1997-03-03,"Essays on women, medicine and health",0748604413; 9780748604418; 0748604502; 9780748604500,D72
1096115017,2008-03-17,Constructions of health and illness : European perspectives,0754632768; 9780754632764,D72
1094672343,2001-10-17,"Illness and health care in the ancient Near East : the role of the Temple in Greece, Mesopotamia, and Israel",0788500988; 9780788500985,D72
1093266688,1997-04-26,"Every child a lion : the origins of maternal and infant health policy in the United States and France, 1890-1920",080142447X; 9780801424472,D72
1094687308,2002-03-11,Brush with death : a social history of lead poisoning,0801868203; 9780801868207,D72
1096135802,2009-09-03,Reframing women's health : multidisciplinary research and practice,0803957734; 9780803957732; 0803958609; 9780803958609,D72
1094005877,1999-06-28,Controlling medical professionals : the comparative politics of health governance,0803981988; 9780803981980,D72
1097426036,1997-03-03,"Mirage of health : utopias, progress, and biological change",081351259X; 9780813512594; 0813512603; 9780813512600,D72
1094687371,2002-03-28,The burdens of disease : epidemics and human response in Western history,0813525276; 9780813525273; 0813525284; 9780813525280,D72
1093197360,1997-03-03,The cultural geography of health care,082293664X; 9780822936640; 0822954907; 9780822954903,D72
1096112327,1997-03-03,International quarantine,082362725X; 9780823627257,D72
1094649706,2000-08-15,Society and medical progress,0843400951; 9780843400953,D72
1096159866,1997-04-26,From medical police to social medicine : essays on the history of health care,0882020153; 9780882020150; 0882020161; 9780882020167,D72
1096896586,1997-03-03,"History of hygiene : proceedings of the 12th International Symposium on the Comparative History of Medicine-East and West, August 30-September 6, 1987 Susono-shi, Shizuoka, Japan",0912791969; 9780912791968,D72
1096111179,1997-03-03,Health and illness : images of difference,0948462698; 9780948462696,D72
1094073968,1997-12-18,Coping with sickness,095270451X; 9780952704515,D72
1094721160,2006-06-22,The politics of the healthy life : an international perspective,0953652254; 9780953652259,D72
1094721907,2006-06-15,"Imperial hygiene : a critical history of colonialism, nationalism and public health",140390488X; 9781403904881,D72
1094709836,2003-07-15,Public health and the risk factor : a history of an uneven medical revolution,1580461271; 9781580461276,D72
RERO-11901909,2011-01-17,Public health and the risk factor : a history of an uneven medical revolution,1580461271; 9781580461276,D72
1094720465,2006-08-09,"The bovine scourge : meat, tuberculosis and public health 1850 - 1914",1843831937; 9781843831938,D72
1096114201,2007-11-12,Alcohol : a social and cultural history,1845201655; 9781845201654; 1845201663; 9781845201661,D72
1096622628,2012-05-31,Beyond health : postmodernism and embodiment,185343468X; 9781853434686; 1853434698; 9781853434693,D72
1094723745,2005-08-04,Smoke : a global history of smoking,1861892004; 9781861892003,D72
1096131455,1997-03-03,Le propre et le sale : l'hygiène du corps depuis le Moyen Âge,2020086344; 9782020086349,D72
1094722216,1997-03-03,Le sain et le malsain : santé et mieux-être depuis le Moyen Âge,2020201135; 9782020201131,D72
VD2110877,2006-09-25,Le sain et le malsain : santé et mieux-être depuis le Moyen Âge,2020201135; 9782020201131,D72
1094708121,2003-11-17,Histoire des peurs alimentaires : du Moyen Age à l'aube du XXe siècle,2020476614; 9782020476614,D72
1094721772,1997-03-03,Histoire de l'alcoolisme,2080649477; 9782080649478,D72
1094083256,1999-03-16,L'espace politique de la santé : essai de généalogie,2130482619; 9782130482611,D72
1096111403,1997-03-03,Le roman de l'alcool,2221045084; 9782221045084,D72
1093036351,1997-03-03,Les manières de propreté : du Moyen Âge à nos jours,2224019378; 9782224019372,D72
1094707727,2004-01-29,Histoire de la merde : (prologue),2267017016; 9782267017014,D72
1094705255,2004-10-07,La conquête de la santé en Europe : 1750-1900,2701127467; 9782701127460; 2804136906; 9782804136901,D72
1094685375,2003-01-10,"Les hygiénistes : enjeux, modèles et pratiques, (XVIIIe-XXe siècles)",2701129559; 9782701129556,D72
1094723668,2005-07-25,"Les nouvelles pratiques de santé : acteurs, objets, logiques sociales (XVIIIe-XXe siècles)",2701138647; 9782701138640,D72
1096156808,2009-12-03,La santé au travail : 1880-2006,2707147974; 9782707147974,D72
1094709920,2003-09-16,Stigmate : les usages sociaux des handicaps,2707300799; 9782707300799,D72
1096160565,2011-08-17,"Le risque épidémique : droit, histoire, médecine et pharmacie : colloque d'Aix-en-Provence, novembre 2002",273140356X; 9782731403565,D72
1094667419,2000-09-26,Histoire et alcool,2738481825; 9782738481825,D72
1096131536,2008-06-17,Les politiques de santé,2742722165; 9782742722167,D72
1096131535,2008-06-17,Les déterminants de la santé,2742722173; 9782742722174,D72
1096131534,2008-06-17,La question bioéthique,2742722181; 9782742722181,D72
1096131533,2008-06-17,La formation et la recherche,274272219X; 9782742722198,D72
1096134604,2008-09-15,"Air pur, eau claire, préservatif : tuberculose, alcoolisme, sida : une histoire comparée de la prévention",2829001508; 9782829001505,D72
1094723688,1997-03-03,"Air pur, eau claire, préservatif : tuberculose, alcoolisme, sida : une histoire comparée de la prévention",2829001508; 9782829001505,D72
1094647919,2000-01-17,Hygiène et médecine : histoire et actualité des maladies nosocomiales,2840590409; 9782840590408,D72
1094725435,2005-02-02,"Assainissement et salubrité publique en Europe méridionale : fin du Moyen âge, époque moderne",2845161794; 9782845161795,D72
1096620839,2011-09-01,Médecins de santé publique,2859529217; 9782859529215,D72
1094705716,2004-08-11,Verwaltete Körper : Strategien der Gesundheitspolitik im internationalen Vergleich,3205771133; 9783205771135,D72
1093287326,1997-04-26,Gute Besserung! Ein Lesebuch über Gesundheit und Heilkunst,340638515X; 9783406385155,D72
1094724994,2001-03-20,Leib und Seele : ein kulturgeschichte des gesunden Lebens,3406454267; 9783406454264,D72
1094672306,2001-12-20,"Stadt, Krankheit und Tod : Geschichte der städtischen Gesundheitsverhältnisse während der Epidemiologischen Transition (vom 18. bis ins frühe 20. Jahrhundert)",3428087976; 9783428087976,D72
VD2076413,2006-05-02,"Stadt, Krankheit und Tod : Geschichte der städtischen Gesundheitsverhältnisse während der Epidemiologischen Transition (vom 18. bis ins frühe 20. Jahrhundert)",3428087976; 9783428087976,D72
1094707449,2004-02-11,"Geschlecht, Gesundheit und Krankheit : Männer und Frauen im Vergleich",3456836910; 9783456836911,D72
1094686647,2002-07-30,Geschichte der Heilkunst und der Heilschwärmerei : zur Belehrung und Aufklärung fü alle Stände,3500246605; 9783500246604,D72
1096624812,1997-04-26,Das europäische Gesundheitssystem : Gemeinsamkeiten und Unterschiede in historischer Perspektive,3515064850; 9783515064859,D72
1094722518,2006-02-27,Ohne Wasser ist kein Heil : medizinische und kulturelle Aspekte der Nutzung von Wasser,3515087850; 9783515087858,D72
1094649701,2000-08-15,Sozialmedizin : Entwicklung und Selbstverständnis,3534056183; 9783534056187,D72
1093150638,1997-03-03,Homo hygienicus : Gesundheit und Medizin in der Neuzeit,3593345285; 9783593345284,D72
1094721577,2006-03-22,"Facing illness in troubled times : health in Europe in the interwar years, 1918-1939",3631519486; 9783631519486,D72
1096134663,2009-09-03,Geschlechtergerechte Gesundheitsförderung und Prävention : theoretische Grundlagen und Modelle guter Praxis,3779916835; 9783779916833,D72
1094709863,2003-07-23,"L'Etat et la santé : la politique de santé publique ou police médicale dans les quatre départements rhénans, 1794-1814",3799573380; 9783799573382,D72
1093110634,1997-03-03,Definition und Beschreibung der Gesundheit : ein medizinhistorischer Überblick,3857070226; 9783857070228,D72
1094706297,2004-07-07,"Die Handwerke des Körpers : Bader, Barbier, Perückenmacher, Friseur : Folge und Ausdruck historischen Körperverständnisses",3894451335; 9783894451332,D72
1094684801,2003-05-28,"Ärzte und gesetzliche Krankenversicherung in Deutschland und England, 1880-1914",3929134225; 9783929134223,D72
1094705131,2004-11-10,"Public health and preventive medicine 1800 - 2000 : knowledge, co-operation and conflict : conference proceedings",8280950222; 9788280950222,D72
1094722570,2006-03-09,European health and social welfare policies,846073621X,D72
1094722528,2006-02-28,Tras la ruta del hambre : nutrición y salud pública en el siglo XX,8479088206; 9788479088200,D72
1096621352,2011-11-30,Eglises et santé dans le tiers monde : hier et aujourd'hui = Churches and health care in the third world : past and present,9004094709; 9789004094703,D72
1094081478,1998-05-04,Ashes to ashes : the history of smoking and health,9042003863; 9789042003866; 9042003960; 9789042003965,D72
1094647696,2000-03-14,Pathologies of travel,904200598X; 9789042005983; 9042006080; 9789042006089,D72
1094686710,2002-06-27,Bacchic medicine : wine and alcohol therapies from Napoleon to the French paradox,9042011114; 9789042011113; 9042011211; 9789042011212,D72
1094724249,2005-11-09,Making health policy : networks in research and policy after 1945,9042018240; 9789042018242,D72
1096111517,1997-04-26,The history of public health and the modern State,9051835523; 9789051835526,D72
1096115033,2008-03-13,La santé publique internationale entre les deux guerres : les problèmes d'organisation,9242560588; 9789242560589,D72
1094647618,2000-04-07,Hygiene in the early modern medical tradition,9514108698; 9789514108693,D72
1096111942,2007-06-07,Clean : a history of personal hygiene and purity,9780199297795; 0199297797,D72
1097426390,2007-09-26,Clean : a history of personal hygiene and purity,9780199297795; 0199297797,D72
1096135934,2009-12-07,Defending the indefensible : the global asbestos industry and its fight for survival,9780199534852; 0199534853,D72
1096621790,2012-01-26,"Environment, health and history",9780230233119; 0230233112,D72
1096132201,2008-09-25,New perspectives on public health policy,9780271027579; 0271027576,D72
1096134609,2009-09-24,Comparative studies and the politics of modern medical care,9780300149838; 0300149832,D72
1096895106,2013-02-20,Public health in history,9780335242641; 0335242642,D72
1096134660,2009-09-03,Women's health and social change,9780415190862; 041519086X; 9780415190879; 0415190878,D72
1096114163,2007-11-20,Women and smoking since 1890,9780415340595; 0415340594,D72
1096895389,2013-03-27,Sociology and health : an introduction,9780415415637; 0415415632; 9780415415620; 0415415624,D72
1096621328,2011-11-23,An introduction to the geography of health,9780415498050; 0415498058; 9780415498067; 0415498066,D72
1096156513,2010-03-11,Health and the modern home,9780415956109; 0415956102,D72
1096115865,2008-04-22,"Low income, social growth, and good health : a history of twelve countries",9780520252868; 0520252861,D72
1096895139,2012-09-13,"Golden-silk smoke : a history of tobacco in China, 1550-2010",9780520262775; 0520262778,D72
1096115232,2008-02-01,"The origin of the welfare state in England and Germany, 1850-1914 : social policies compared",9780521592123; 0521592127; 9780521597708; 0521597706,D72
1096132268,2008-09-08,Wellbeing : a cultural history of healthy living,9780745629131; 074562913X; 9780745629148; 0745629148,D72
1096111973,2007-05-30,"Public health and municipal policy making : Britain and Sweden, 1900-1940",9780754603344; 0754603342,D72
1096623206,2012-07-11,Migrants and health : political and institutional responses to cultural diversity in health systems,9780754679158; 0754679152,D72
1096620638,2012-01-18,Philanthropic foundations and the globalization of scientific medicine and public health : proceedings of a conference jointly sponsored by  Quinnipiac University and the Rockefeller Archive Center with additional support of  the Dreyfus Health Foundation,9780761838197; 0761838198,D72
1096115008,2008-03-17,Differential diagnoses : a comparative history of health care problems and solutions in the United States and France,9780801445125; 0801445124,D72
VD2369794,2008-04-14,Differential diagnoses : a comparative history of health care problems and solutions in the United States and France,9780801445125; 0801445124,D72
1096624101,2013-01-24,The World Health Organization between North and South,9780801450655; 0801450659,D72
1096134674,2009-07-02,Public health : the development of a discipline,9780813542317; 0813542316; 9780813550084; 0813550084,D72
1096620683,2011-10-12,Public health : the development of a discipline,9780813542317; 0813542316; 9780813550084; 0813550084,D72
1096895950,2013-08-08,Explaining long-term trends in health and longevity,9781107027916; 1107027918; 9781107665811; 1107665817,D72
1096896157,2013-07-04,An introduction to the social history of medicine : Europe since 1500,9781403946935; 1403946930; 9781403946928; 1403946922,D72
1096623225,2012-07-11,Mobilities and health,9781409419921; 1409419924; 9781409419938; 1409419932,D72
1096623586,2012-11-08,Marriage of convenience : Rockefeller International Health and revolutionary Mexico,9781580462228; 1580462227,D72
1096895363,2013-04-04,Disability studies : an interdisciplinary introduction,9781847875570; 1847875572; 9781847875587; 1847875580,D72
1096621781,2012-02-23,Locating health : historical and anthropological investigations of place and health,9781848931497; 1848931492,D72
1096621780,2012-02-23,"Medicine in the remote and rural north, 1800-2000",9781848931572; 1848931573,D72
1096896155,2013-07-04,Alcohol and its role in the evolution of human society,9781849731614; 1849731616,D72
1096156482,2010-05-12,"Care, justice et dépendance : introduction aux théories du care",9782130576211; 2130576214,D72
1096160518,2011-08-25,"Médecine, santé et sciences humaines : manuel",9782251430263; 2251430261,D72
1096621734,2012-02-09,Hygiène et santé en Europe : de la fin du XVIIIe siècle aux lendemains de la Première Guerre mondiale,9782301001450; 2301001458,D72
1096895527,2013-05-01,"Corps, sport, handicaps",9782336000190; 2336000199; 9782360850563; 2360850563,D72
1096897877,2014-11-12,"Corps, sport, handicaps",9782336000190; 2336000199; 9782360850563; 2360850563,D72
1096133456,2009-02-03,Ethique et santé,9782354100124; 2354100124,D72
1096135862,2009-11-30,Comment se construisent les problèmes de santé publique,9782707159106; 2707159107,D72
1096895621,2013-05-21,La chair de l'empire : savoirs intimes et pouvoirs raciaux en régime colonial,9782707175595; 2707175595,D72
1096621733,2012-02-09,Ivresse et ivrognerie dans la France moderne,9782753517066; 2753517061,D72
1096624352,2012-12-05,Genèse de la santé publique internationale : de la peste d'Orient à l'OMS,9782753520912; 2753520917,D72
1096620852,2011-10-06,La santé dans l'espace public,9782810900336; 2810900337,D72
1096156890,2009-10-26,"Pouvoir, santé et société : 1res Journées d'histoire du droit de la santé, 16-17 novembre 2006, Université Paris-VIII (Vincennes-Saint-Denis)",9782848741017; 2848741015,D72
1096620848,2011-10-06,Faire de la santé publique,9782859529673; 2859529675,D72
1096621815,2011-08-18,Les Rencontres d'histoire de la santé : dix années d'activité : actes des Rencontres d'histoire de la santé organisées annuellement depuis 1992 à la Faculté de médecine et de pharmacie de Nantes,9782868477736; 2868477739,D72
1096160570,2011-08-18,"Histoire illustrée de 5000 ans d'hygiène publique : réglementations, anecdotes, matériels",9782900086629; 2900086620,D72
1096160650,2011-08-18,"La promotion de la santé au travers des images véhiculées par les institutions sanitaires et sociales : actes du colloque sur l'histoire de la protection sociale, Arles, 18/19 avril 2007, organisé dans le cadre du 132e congrès national des sociétés historiques et scientifiques Images et imagerie",9782905882783; 2905882786,D72
1096156309,2010-05-12,"La santé, un enjeu de société",9782912601933; 2912601932,D72
1096896177,2013-06-24,Gesundheit,9783037342282; 3037342285,D72
1096135933,2009-12-07,Gesünder leben : die Lebensreformbewegung im 20. Jahrhundert,9783515087902; 3515087907,D72
1096135819,2009-11-17,Der Ausländereinsatz im Gesundheitswesen (1939-1945) : historische und ethische Probleme der NS-Medizin,9783515092012; 3515092013,D72
1096159919,2011-04-07,Was ist Gesundheit? : Antworten aus Jahrhunderten,9783515098366; 3515098364,D72
1096621814,2012-03-08,Was ist Gesundheit? : Antworten aus Jahrhunderten,9783515098366; 3515098364,D72
1096620827,2011-10-12,The transmission of health practices : (c. 1500 to 2000),9783515098977; 3515098976,D72
1096156708,2010-02-02,Coming to terms with world health : the League of Nations Health Organisation 1921 - 1946,9783631586877; 3631586876,D72
1096622561,2011-10-12,Gesundheit und Geschlecht : [thematisches Heft],9783706550260; 3706550261,D72
1096133468,2009-01-12,Hygiene im Namen des Staates : das Reichsgesundheitsamt 1876-1933,9783835303430; 3835303430,D72
1096895307,2013-04-18,Das präventive Selbst : eine Kulturgeschichte moderner Gesundheitspolitik,9783837614541; 3837614549,D72
1096895365,2013-04-04,"Disability Studies, Kultursoziologie und Soziologie der Behinderung : Erkundungen in einem neuen Forschungsfeld",9783899424867; 3899424867,D72
1096622676,2012-07-05,Das ungenutzte Potential der Medizin : Analyse von Gesundheit und Krankheit zu Beginn des 21. Jahrhunderts,9783907625316; 3907625315,D72
1096135975,2009-12-08,"History of the social determinants of health : global histories, contemporary debates",9788125035084; 8125035087,D72
1096622592,2010-09-22,"Health, illness and medicine : ethnographic readings",9788125039785; 8125039783,D72
1096895655,2013-05-13,Human health : a bio-cultural synthesis,9788180698460; 8180698467,D72
1096135675,2009-08-25,Los laboratorios de la norma : medicina y regulación social en el estado liberal,9788400086657; 8400086651; 9788480639422; 8480639423,D72
1096623264,2012-09-13,La sanidad en el liberalismo isabelino : la promulgación de la Ley de sanidad de 1855 : debate parlamentario y análisis prosopográfico,9788415147343; 8415147341,D72
1096620335,2011-08-04,La agenda social de la historia de la medicina : el patrimonio histórico médico,9788437079042; 8437079047,D72
1096160839,2011-06-23,"Quen se cura, dura : el libro de higien de Albert Šaúl : (Constantinopla, 1922)",9788493567163; 8493567167,D72
1096620814,2011-12-08,La ciudadela de los fantasmas : lazaretos y protección sanitaria en el mundo moderno,9788495718808; 8495718804,D72
1096134649,2009-10-22,"Il colore del cibo : geografia, mito e realtà dell'alimentazione mediterranea",9788883535673; 8883535677,D72
1096620908,2011-06-29,Food culture and health in pre-modern islamic societies,9789004194410; 900419441X,D72
1096895537,2013-04-25,"Social studies of health, illness and disease : perspectives from the social sciences and humanities",9789042024052; 9042024054,D72
1096156700,2010-03-04,The third ten years of the World Health Organization : 1968 - 1977,9789241563666; 9241563664,D72
1096158395,2011-02-25,Research and the World Health Organization : a history of the Advisory Committee on Health Research 1959-1999,9789241564113; 9241564113,D72
1096156693,2010-03-04,Sixty years of WHO in Europe,9789289014175; 9289014172,D72
1096160848,2011-08-11,Soixante ans d'OMS en Europe,9789289024174; 9289024178,D72
1096158967,2011-02-17,"Health, hygiene and eugenics in southeastern Europe to 1945",9789639776821; 9639776823,D72
1094685472,2003-01-27,A short history of public health,none,D72
1094684920,2003-07-08,The rise of preventive medicine,none,D72
1094706307,2004-07-12,La prévention des naissances dans la famille : ses origines dans les temps modernes,none,D72
1094725473,2005-02-25,Pour une histoire des Etats sociaux,none,D72
1094723852,2005-08-24,"Sozialmedizin, Sozialhygiene, Public Health : Konzepte und Visionen zum Verhältnis von Medizin und Gesellschaft in historischer Perspektive",none,D72
1096132119,2007-09-11,Gesundheitsschutz für alle und die Ausgrenzung von Minderheiten : Historische Beiträge zur Aushöhlung eines gesundheitspolitischen Anspruchs,none,D72
1096113508,2008-11-19,Gesundheitsschutz für alle und die Ausgrenzung von Minderheiten : Historische Beiträge zur Aushöhlung eines gesundheitspolitischen Anspruchs,none,D72
1096134552,1997-03-03,"Gesellschaftliche Bedingungen öffentlicher Gesundheitsvorsorge : Problemsichten und Problemlösungen kommunaler und staatlicher Formen der Gesundheitsvorsorge, dargestellt am Beispiel des öffentlichen Gesundheitsdienstes : Gesammelte Aufsätze einer historisch-soziologischen Untersuchung",none,D72
1096131990,2008-12-02,"Mutualité et santé : sociologie, médecine, histoire, santé",none,D72
1096131989,2008-12-04,Système de santé et professions de santé : enjeux de santé et sociologie,none,D72
1096131988,2008-12-04,"Cancers et société : sociologie médecine, histoire, santé",none,D72
1092529632,1997-03-03,Les vaccinations,none,D72
1096134764,1997-03-03,Vers la médecine sociale,none,D72
1096157902,2010-08-30,Public health and hygiene : a students' manual,none,D72
1096157898,2010-08-30,A synopsis of hygiene,none,D72
1096160353,2011-07-06,Précis d'hygiène,none,D72
1096623025,2012-10-25,Aux sources de La solidarité : naissance et développement d'un mouvement d'action sociale au coeur du canton de Vaud,none,D72
RERO-16442364,2015-03-06,Aux sources de La solidarité : naissance et développement d'un mouvement d'action sociale au coeur du canton de Vaud,none,D72
1096623744,2012-10-25,Shadows in the sun,none,D72
1096623495,2012-12-20,Le centre a 20 ans,none,D72
1096624957,2013-04-04,Eugenics after 1945,none,D72
1093020557,1997-03-03,Landmarks in the history of hygiene,none,D72
1096159677,1997-03-03,A history of public health,none,D72
1093010858,1997-03-03,A history of preventive medicine,none,D72
1093338250,1997-03-03,Kampf gegen Schmerz und Tod : Kulturgeschichte der Heilkunde,none,D72
1093347911,1997-03-03,Die hygienischen Anschauungen des römischen Architekten Vitruvius : ein Beitrag zur antiken Hygiene,none,D72
1096134554,1997-03-03,On the sociology of medicine,none,D72
1093368282,1997-03-03,"Social medicine : its derivations and objectives : the New York Academy of Medicine Institute on Social Medicine, 1947",none,D72
1093368566,1997-03-03,Coping with sickness,none,D72
1094082420,1998-07-30,"Comment nos pères se soignaient, se parfumaient et conservaient leur corps : remèdes, parfums, embaumement ; suivi de: Aperçu de l'histoire de la médecine et de la pharmacie dans l'ancien comté français de Neuchâtel (Suisse)",none,D72
1094083285,1999-04-07,The advance to social medicine,none,D72
1094005866,1999-06-24,Fragments pour une histoire : notions et acteurs,none,D72
1094649698,2000-08-15,Medicine in modern society,none,D72
1094669777,2000-12-11,Hygiène de la bourgeoisie au Moyen Age,none,D72
1099015474,2001-01-23,Le vêtement et l'hygiène,none,D72
1099015585,2001-01-25,L'évolution de l'hygiène urbaine et domestique,none,D72
1094670854,2001-05-15,Society and medical progress,none,D72
1096132004,2008-11-26,Die Prüfungsfragen der Sozialmedizin : 1976 bis 1996,none,D72
1096157740,2010-09-21,The scientific background of the International Sanitary Conferences : 1851-1938,none,D72
1096158573,2010-11-11,La République médicale : autour du Dictionnaire de médecine (1787-1830) de l'Encyclopédie méthodique (1782-1830),none,D72
1096158572,2010-11-11,"Jalons pour une histoire de la santé publique : France - Allemagne, XVIIIe-XXe siècles : articles et contributions à des ouvrages collectifs",none,D72
1096624295,2012-11-29,"Santé : nouvelles techniques, nouvelles croyances",none,D72
RERO-15707711,2014-05-26,Boire... ou ne pas boire... : aspects du discours antialcoolique des élites vaudoises au XIXe siècle : (1830 - 1905),none,D72
1096895115,2013-03-13,Grundzüge der Physiologie und Systematik der Sprachlaute für Linguisten und Taubstummenlehrer,none,D72
1093250466,1997-04-26,Histoire de l'assistance publique dans les temps anciens et modernes,none,D72
1093282149,1997-04-26,De la prostitution dans les grandes villes au dix-neuvième siècle et de l'extinction des maladies vénériennes : ouvrage précédé de documents relatifs à la prostitution dans l'Antiquité,none,D72
